asset,report_date,collected_at,data_state,provider_truncated,blocked_by_robots_txt,crawl_errors,crawled_pages,in_index,in_links,provider_date
meadow.example,2026-09-19,2026-09-20T12:15:00.000Z,provider-snapshot,false,0,3,400,2600,12,2026-09-16
meadow.example,2026-09-19,2026-09-20T12:15:00.000Z,provider-snapshot,false,0,3,402,2610,12,2026-09-17
meadow.example,2026-09-19,2026-09-20T12:15:00.000Z,provider-snapshot,false,0,3,405,2620,12,2026-09-18
meadow.example,2026-09-20,2026-09-21T12:15:00.000Z,provider-snapshot,false,0,3,402,2611,12,2026-09-17
meadow.example,2026-09-20,2026-09-21T12:15:00.000Z,provider-snapshot,false,0,3,405,2621,12,2026-09-18
meadow.example,2026-09-20,2026-09-21T12:15:00.000Z,provider-snapshot,false,0,3,380,2640,12,2026-09-19
meadow.example,2026-09-20,2026-09-21T12:15:00.000Z,provider-snapshot,false,0,3,1,1,12,
meadow.example,2026-09-20,2026-09-21T12:15:00.000Z,provider-snapshot,false,0,3,402,2615,12,2026-09-17
meadow.example,2026-09-20,2026-09-21T12:15:00.000Z,provider-snapshot,false,0,3,405,2621,12,2026-09-18
meadow.example,2026-09-20,2026-09-21T12:15:00.000Z,provider-snapshot,false,0,3,380,2640,12,2026-09-19
meadow.example,2026-09-20,2026-09-21T12:15:00.000Z,provider-snapshot,false,0,3,1,1,12,
meadow.example,2026-09-21,2026-09-22T12:15:00.000Z,provider-snapshot,false,0,3,405,2622,12,2026-09-18
meadow.example,2026-09-21,2026-09-22T12:15:00.000Z,provider-snapshot,false,0,3,381,2641,12,2026-09-19
meadow.example,2026-09-21,2026-09-22T12:15:00.000Z,provider-snapshot,false,0,3,377,2655,12,2026-09-20
