asset,report_date,collected_at,data_state,provider_truncated,clicks,ctr,impressions,page,position,row_grain
meadow.example,2026-09-05,2026-09-06T12:15:00.000Z,provider-final,false,12,0.1,120,https://meadow.example/,2.5,page
meadow.example,2026-09-05,2026-09-06T12:15:00.000Z,provider-final,false,8,0.06015037593984962,133,https://meadow.example/planner,4.2,page
meadow.example,2026-09-05,2026-09-06T12:15:00.000Z,provider-final,false,4,0.0273972602739726,146,https://meadow.example/recipes/soup,5.9,page
meadow.example,2026-09-05,2026-09-06T12:15:00.000Z,provider-final,false,17,0.1069182389937107,159,https://meadow.example/guides/protein,7.6,page
meadow.example,2026-09-06,2026-09-07T12:15:00.000Z,provider-final,false,19,0.14960629921259844,127,https://meadow.example/,2.8,page
meadow.example,2026-09-06,2026-09-07T12:15:00.000Z,provider-final,false,15,0.10714285714285714,140,https://meadow.example/planner,4.5,page
meadow.example,2026-09-06,2026-09-07T12:15:00.000Z,provider-final,false,11,0.0718954248366013,153,https://meadow.example/recipes/soup,6.2,page
meadow.example,2026-09-06,2026-09-07T12:15:00.000Z,provider-final,false,7,0.04216867469879518,166,https://meadow.example/guides/protein,7.9,page
meadow.example,2026-09-07,2026-09-08T12:15:00.000Z,provider-final,false,9,0.06716417910447761,134,https://meadow.example/,3.1,page
meadow.example,2026-09-07,2026-09-08T12:15:00.000Z,provider-final,false,5,0.034013605442176874,147,https://meadow.example/planner,4.8,page
meadow.example,2026-09-07,2026-09-08T12:15:00.000Z,provider-final,false,18,0.1125,160,https://meadow.example/recipes/soup,6.5,page
meadow.example,2026-09-07,2026-09-08T12:15:00.000Z,provider-final,false,14,0.08092485549132948,173,https://meadow.example/guides/protein,8.2,page
meadow.example,2026-09-08,2026-09-09T12:15:00.000Z,provider-final,false,16,0.11347517730496454,141,https://meadow.example/,3.4,page
meadow.example,2026-09-08,2026-09-09T12:15:00.000Z,provider-final,false,12,0.07792207792207792,154,https://meadow.example/planner,5.1,page
meadow.example,2026-09-08,2026-09-09T12:15:00.000Z,provider-final,false,8,0.04790419161676647,167,https://meadow.example/recipes/soup,6.8,page
meadow.example,2026-09-08,2026-09-09T12:15:00.000Z,provider-final,false,4,0.022222222222222223,180,https://meadow.example/guides/protein,8.5,page
meadow.example,2026-09-09,2026-09-10T12:15:00.000Z,provider-final,false,6,0.04054054054054054,148,https://meadow.example/,3.7,page
meadow.example,2026-09-09,2026-09-10T12:15:00.000Z,provider-final,false,19,0.11801242236024845,161,https://meadow.example/planner,5.4,page
meadow.example,2026-09-09,2026-09-10T12:15:00.000Z,provider-final,false,15,0.08620689655172414,174,https://meadow.example/recipes/soup,7.1,page
meadow.example,2026-09-09,2026-09-10T12:15:00.000Z,provider-final,false,11,0.058823529411764705,187,https://meadow.example/guides/protein,8.8,page
meadow.example,2026-09-10,2026-09-11T12:15:00.000Z,provider-final,false,13,0.08387096774193549,155,https://meadow.example/,2.5,page
meadow.example,2026-09-10,2026-09-11T12:15:00.000Z,provider-final,false,9,0.05357142857142857,168,https://meadow.example/planner,4.2,page
meadow.example,2026-09-10,2026-09-11T12:15:00.000Z,provider-final,false,5,0.027624309392265192,181,https://meadow.example/recipes/soup,5.9,page
meadow.example,2026-09-10,2026-09-11T12:15:00.000Z,provider-final,false,18,0.09278350515463918,194,https://meadow.example/guides/protein,7.6,page
meadow.example,2026-09-11,2026-09-12T12:15:00.000Z,provider-final,false,3,0.018518518518518517,162,https://meadow.example/,2.8,page
meadow.example,2026-09-11,2026-09-12T12:15:00.000Z,provider-final,false,16,0.09142857142857143,175,https://meadow.example/planner,4.5,page
meadow.example,2026-09-11,2026-09-12T12:15:00.000Z,provider-final,false,12,0.06382978723404255,188,https://meadow.example/recipes/soup,6.2,page
meadow.example,2026-09-11,2026-09-12T12:15:00.000Z,provider-final,false,8,0.03980099502487562,201,https://meadow.example/guides/protein,7.9,page
meadow.example,2026-09-13,2026-09-14T12:15:00.000Z,provider-final,false,10,0.05917159763313609,169,https://meadow.example/,3.1,page
meadow.example,2026-09-13,2026-09-14T12:15:00.000Z,provider-final,false,6,0.03296703296703297,182,https://meadow.example/planner,4.8,page
meadow.example,2026-09-13,2026-09-14T12:15:00.000Z,provider-final,false,19,0.09743589743589744,195,https://meadow.example/recipes/soup,6.5,page
meadow.example,2026-09-13,2026-09-14T12:15:00.000Z,provider-final,false,15,0.07211538461538461,208,https://meadow.example/guides/protein,8.2,page
meadow.example,2026-09-14,2026-09-15T12:15:00.000Z,provider-final,false,17,0.09659090909090909,176,https://meadow.example/,3.4,page
meadow.example,2026-09-14,2026-09-15T12:15:00.000Z,provider-final,false,13,0.06878306878306878,189,https://meadow.example/planner,5.1,page
meadow.example,2026-09-14,2026-09-15T12:15:00.000Z,provider-final,false,9,0.04455445544554455,202,https://meadow.example/recipes/soup,6.8,page
meadow.example,2026-09-14,2026-09-15T12:15:00.000Z,provider-final,false,5,0.04,125,https://meadow.example/guides/protein,8.5,page
meadow.example,2026-09-15,2026-09-16T12:15:00.000Z,provider-final,false,7,0.03825136612021858,183,https://meadow.example/,3.7,page
meadow.example,2026-09-15,2026-09-16T12:15:00.000Z,provider-final,false,3,0.015306122448979591,196,https://meadow.example/planner,5.4,page
meadow.example,2026-09-15,2026-09-16T12:15:00.000Z,provider-final,false,16,0.07655502392344497,209,https://meadow.example/recipes/soup,7.1,page
meadow.example,2026-09-15,2026-09-16T12:15:00.000Z,provider-final,false,12,0.09090909090909091,132,https://meadow.example/guides/protein,8.8,page
meadow.example,2026-09-16,2026-09-17T12:15:00.000Z,provider-final,false,14,0.07368421052631578,190,https://meadow.example/,2.5,page
meadow.example,2026-09-16,2026-09-17T12:15:00.000Z,provider-final,false,10,0.04926108374384237,203,https://meadow.example/planner,4.2,page
meadow.example,2026-09-16,2026-09-17T12:15:00.000Z,provider-final,false,6,0.047619047619047616,126,https://meadow.example/recipes/soup,5.9,page
meadow.example,2026-09-16,2026-09-17T12:15:00.000Z,provider-final,false,19,0.1366906474820144,139,https://meadow.example/guides/protein,7.6,page
meadow.example,2026-09-17,2026-09-18T12:15:00.000Z,provider-final,false,4,0.02030456852791878,197,https://meadow.example/,2.8,page
meadow.example,2026-09-17,2026-09-18T12:15:00.000Z,provider-final,false,17,0.14166666666666666,120,https://meadow.example/planner,4.5,page
meadow.example,2026-09-17,2026-09-18T12:15:00.000Z,provider-final,false,13,0.09774436090225563,133,https://meadow.example/recipes/soup,6.2,page
meadow.example,2026-09-17,2026-09-18T12:15:00.000Z,provider-final,false,9,0.06164383561643835,146,https://meadow.example/guides/protein,7.9,page
meadow.example,2026-09-18,2026-09-19T12:15:00.000Z,provider-final,false,11,0.05392156862745098,204,https://meadow.example/,3.1,page
meadow.example,2026-09-18,2026-09-19T12:15:00.000Z,provider-final,false,7,0.05511811023622047,127,https://meadow.example/planner,4.8,page
meadow.example,2026-09-18,2026-09-19T12:15:00.000Z,provider-final,false,3,0.02142857142857143,140,https://meadow.example/recipes/soup,6.5,page
meadow.example,2026-09-18,2026-09-19T12:15:00.000Z,provider-final,false,16,0.10457516339869281,153,https://meadow.example/guides/protein,8.2,page
meadow.example,2026-09-19,2026-09-20T12:15:00.000Z,provider-final,false,18,0.1487603305785124,121,https://meadow.example/,3.4,page
meadow.example,2026-09-19,2026-09-20T12:15:00.000Z,provider-final,false,14,0.1044776119402985,134,https://meadow.example/planner,5.1,page
meadow.example,2026-09-19,2026-09-20T12:15:00.000Z,provider-final,false,10,0.06802721088435375,147,https://meadow.example/recipes/soup,6.8,page
meadow.example,2026-09-19,2026-09-20T12:15:00.000Z,provider-final,false,6,0.0375,160,https://meadow.example/guides/protein,8.5,page
meadow.example,2026-09-20,2026-09-21T12:15:00.000Z,provider-final,false,8,0.0625,128,https://meadow.example/,3.7,page
meadow.example,2026-09-20,2026-09-21T12:15:00.000Z,provider-final,false,4,0.028368794326241134,141,https://meadow.example/planner,5.4,page
meadow.example,2026-09-20,2026-09-21T12:15:00.000Z,provider-final,false,17,0.11038961038961038,154,https://meadow.example/recipes/soup,7.1,page
meadow.example,2026-09-20,2026-09-21T12:15:00.000Z,provider-final,false,13,0.07784431137724551,167,https://meadow.example/guides/protein,8.8,page
