asset,report_date,collected_at,data_state,provider_truncated,clicks,country,ctr,impressions,position,row_grain
meals.example,2026-09-14,2026-09-15T12:15:00.000Z,provider-final,false,24,usa,0.06,400,6.1,country
meals.example,2026-09-14,2026-09-15T12:15:00.000Z,provider-final,false,7,gbr,0.05785123966942149,121,7.1,country
meals.example,2026-09-14,2026-09-15T12:15:00.000Z,provider-final,false,1,kor,0.005208333333333333,192,8.1,country
meals.example,2026-09-14,2026-09-15T12:15:00.000Z,provider-final,false,3,can,0.047619047619047616,63,9.1,country
meals.example,2026-09-15,2026-09-16T12:15:00.000Z,provider-final,false,25,usa,0.062034739454094295,403,6.1,country
meals.example,2026-09-15,2026-09-16T12:15:00.000Z,provider-final,false,8,gbr,0.06451612903225806,124,7.1,country
meals.example,2026-09-15,2026-09-16T12:15:00.000Z,provider-final,false,2,kor,0.010256410256410256,195,8.1,country
meals.example,2026-09-15,2026-09-16T12:15:00.000Z,provider-final,false,4,can,0.06060606060606061,66,9.1,country
meals.example,2026-09-16,2026-09-17T12:15:00.000Z,provider-final,false,24,usa,0.059113300492610835,406,6.1,country
meals.example,2026-09-16,2026-09-17T12:15:00.000Z,provider-final,false,7,gbr,0.05511811023622047,127,7.1,country
meals.example,2026-09-16,2026-09-17T12:15:00.000Z,provider-final,false,1,kor,0.005050505050505051,198,8.1,country
meals.example,2026-09-16,2026-09-17T12:15:00.000Z,provider-final,false,3,can,0.043478260869565216,69,9.1,country
meals.example,2026-09-17,2026-09-18T12:15:00.000Z,provider-final,false,25,usa,0.061124694376528114,409,6.1,country
meals.example,2026-09-17,2026-09-18T12:15:00.000Z,provider-final,false,8,gbr,0.06153846153846154,130,7.1,country
meals.example,2026-09-17,2026-09-18T12:15:00.000Z,provider-final,false,2,kor,0.009950248756218905,201,8.1,country
meals.example,2026-09-17,2026-09-18T12:15:00.000Z,provider-final,false,4,can,0.05555555555555555,72,9.1,country
meals.example,2026-09-18,2026-09-19T12:15:00.000Z,provider-final,false,24,usa,0.05825242718446602,412,6.1,country
meals.example,2026-09-18,2026-09-19T12:15:00.000Z,provider-final,false,7,gbr,0.05263157894736842,133,7.1,country
meals.example,2026-09-18,2026-09-19T12:15:00.000Z,provider-final,false,1,kor,0.004901960784313725,204,8.1,country
meals.example,2026-09-18,2026-09-19T12:15:00.000Z,provider-final,false,3,can,0.04,75,9.1,country
meals.example,2026-09-18,2026-09-22T12:15:00.000Z,provider-final,false,26,usa,0.05825242718446602,412,6.1,country
meals.example,2026-09-18,2026-09-22T12:15:00.000Z,provider-final,false,9,gbr,0.05263157894736842,133,7.1,country
meals.example,2026-09-18,2026-09-22T12:15:00.000Z,provider-final,false,3,kor,0.004901960784313725,204,8.1,country
meals.example,2026-09-18,2026-09-22T12:15:00.000Z,provider-final,false,5,can,0.04,75,9.1,country
meals.example,2026-09-19,2026-09-20T12:15:00.000Z,provider-final,false,25,usa,0.060240963855421686,415,6.1,country
meals.example,2026-09-19,2026-09-20T12:15:00.000Z,provider-final,false,8,gbr,0.058823529411764705,136,7.1,country
meals.example,2026-09-19,2026-09-20T12:15:00.000Z,provider-final,false,2,kor,0.00966183574879227,207,8.1,country
meals.example,2026-09-19,2026-09-20T12:15:00.000Z,provider-final,false,4,can,0.05128205128205128,78,9.1,country
meals.example,2026-09-20,2026-09-21T12:15:00.000Z,provider-final,false,24,usa,0.05741626794258373,418,6.1,country
meals.example,2026-09-20,2026-09-21T12:15:00.000Z,provider-final,false,7,gbr,0.050359712230215826,139,7.1,country
meals.example,2026-09-20,2026-09-21T12:15:00.000Z,provider-final,false,1,kor,0.004761904761904762,210,8.1,country
meals.example,2026-09-20,2026-09-21T12:15:00.000Z,provider-final,false,3,can,0.037037037037037035,81,9.1,country
meals.example,2026-09-20,2026-09-21T12:15:00.000Z,provider-final,false,24,usa,0.05741626794258373,418,6.1,country
meals.example,2026-09-20,2026-09-21T12:15:00.000Z,provider-final,false,7,gbr,0.050359712230215826,139,7.1,country
meals.example,2026-09-20,2026-09-21T12:15:00.000Z,provider-final,false,1,kor,0.004761904761904762,210,8.1,country
meals.example,2026-09-20,2026-09-21T12:15:00.000Z,provider-final,false,3,can,0.037037037037037035,81,9.1,country
